goal_scale,exact_score_accuracy,goal_difference_accuracy,winner_accuracy_from_score,avg_absolute_goal_error,predicted_avg_total_goals,actual_avg_total_goals,draw_prediction_rate,home_win_prediction_rate,away_win_prediction_rate
0.8,0.13544930759122611,0.2520974426362074,0.5772768624279794,1.9909026584453655,1.1770949155968866,2.7331446477307186,0.16931163448903264,0.5395734357626605,0.2911149297483069
0.9,0.13615687860103104,0.2529060952188416,0.5657535631254422,1.8900232487617508,1.4678055190538766,2.7331446477307186,0.20610532699888812,0.519053876478318,0.2748407965227939
1.0,0.1381785100576165,0.2576569291418174,0.5502880824825634,1.8209845345193572,1.7559890831901344,2.7331446477307186,0.3096128575760639,0.4598200748003639,0.23056706762357224
1.1,0.13676336803800668,0.25684827655918324,0.5434145355301728,1.7794400080865258,2.0530678257353685,2.7331446477307186,0.37541696148792075,0.42120691397958154,0.20337612453249773
1.2,0.12938441322146974,0.2537147478014758,0.5447285959769534,1.7718588901243304,2.3424643687455777,2.7331446477307186,0.38441322146972606,0.4188820378045082,0.1967047407257657
1.3,0.11937733751137168,0.24441524310118265,0.5555443242696856,1.7897503285151117,2.626604669968665,2.7331446477307186,0.3321540483169918,0.4503184069544122,0.21752754472859598
1.4,0.10886485393712726,0.24037198018801173,0.5678762761548569,1.8300818760739916,2.899019508743556,2.7331446477307186,0.2625088446376226,0.49014454664914586,0.24734660871323158
1.5,0.09764479935307793,0.2325886990801577,0.5785909228747599,1.8961892247043364,3.163246740119276,2.7331446477307186,0.19276255938542403,0.5286566258970989,0.278580814717477
